,slope in dB / m,callsign,type
0,-0.03457596630273194,KLM1917,Embraer ERJ
1,-0.029030952472054797,KLM1601,Boeing 737
2,-0.03457596630273194,KLM13H,Embraer ERJ
3,,ITY119,Airbus A319
4,-0.03457596630273194,KLM29L,Embraer ERJ
5,-0.029030952472054797,KLM27E,Boeing 737
6,,LOT7LA,Embraer EMB
7,,AUA3NA,
8,-0.03457596630273194,KLM49K,Embraer ERJ
9,,EJU47RY,Airbus A319
10,,TRA2N,
11,,KLM61B,
12,,KLM56W,
13,,NJE009K,
14,,EJU76YZ,
15,-0.029030952472054797,KLM27J,Boeing 737
16,,KLM45J,
17,-0.03457596630273194,KLM1787,Embraer ERJ
18,,NJE789H,Cessna
19,-0.03457596630273194,KLM40N,Embraer ERJ
20,,KLM60R,
21,-0.03457596630273194,KLM1943,Embraer ERJ
22,-0.03457596630273194,KLM95P,Embraer ERJ
23,-0.029030952472054797,KLM99B,Boeing 737
24,,KLM30A,
25,-0.029030952472054797,TRA5W,Boeing 737
26,-0.03457596630273194,KLM64X,Embraer ERJ
27,,KLM33M,
28,-0.029030952472054797,KLM20C,Boeing 737
29,,AFR1795,Embraer EMB
30,,JVW119,
31,-0.03457596630273194,KLM55Z,Embraer ERJ
32,,KLM39J,
33,-0.02357713737636452,VLG139G,Airbus A320
34,,KLM34G,
35,-0.02357713737636452,EJU13CB,Airbus A320
36,,KLM71N,
37,,SWR2DV,
38,-0.03457596630273194,KLM27U,Embraer ERJ
39,-0.056881130437188426,KLM119,Boeing 777
40,-0.029030952472054797,KLM1775,Boeing 737
41,-0.029030952472054797,KLM93W,Boeing 737
42,-0.03457596630273194,KLM1451,Embraer ERJ
43,-0.029030952472054797,KLM37F,Boeing 737
44,,AUA372A,Embraer EMB
45,-0.029030952472054797,KLM81Y,Boeing 737
46,-0.03457596630273194,KLM1817,Embraer ERJ
47,,RYR8CP,
48,-0.029030952472054797,KLM29M,Boeing 737
49,-0.03457596630273194,KLM1799,Embraer ERJ
50,-0.029030952472054797,KLM94R,Boeing 737
51,-0.02357713737636452,EJU83CQ,Airbus A320
52,-0.029030952472054797,KLM75C,Boeing 737
53,-0.03457596630273194,KLM51T,Embraer ERJ
54,,KLM535,Airbus SAS A330-203
55,-0.056881130437188426,KLM515,Boeing 777
56,-0.056881130437188426,KLM591,Boeing 777
57,-0.03457596630273194,LOT266,Embraer ERJ
58,-0.029030952472054797,KLM41H,Boeing 737
59,,LZB462,
60,-0.056881130437188426,UAE2W,Boeing 777
61,,NCG01,
62,,AFR1341,
63,-0.03457596630273194,KLM45K,Embraer ERJ
64,,KLM627,Airbus SAS A330-303
65,,VLG33V,
66,,SWR9WF,
67,,KLM777,Airbus SAS A330-203
68,-0.029030952472054797,ROT362M,Boeing 737
69,-0.029030952472054797,ELY338,Boeing 737
70,-0.029030952472054797,KLM1959,Boeing 737
71,-0.029030952472054797,TRA76A,Boeing 737
72,-0.02357713737636452,KMM395,Airbus A320
73,-0.056881130437188426,KLM565,Boeing 777
74,-0.03457596630273194,KLM37M,Embraer ERJ
75,-0.02357713737636452,EJU83RA,Airbus A320
76,,CND763,
77,-0.02357713737636452,ITY107,Airbus A320
78,-0.02357713737636452,ITY121,Airbus A320
79,-0.03457596630273194,KLM39K,Embraer ERJ
80,,BCS5GU,Airbus A300 B4-622RF
81,-0.03457596630273194,KLM67G,Embraer ERJ
82,,TFL9FK,
83,-0.03457596630273194,KLM59D,Embraer ERJ
84,,TRA44R,
85,-0.029030952472054797,KLM69E,Boeing 737
86,,THY5VU,Airbus A330
87,,PGT7BT,
88,-0.03457596630273194,KLM1921,Embraer ERJ
89,,CAO3160,Airbus A330
90,-0.029030952472054797,KLM31C,Boeing 737
91,-0.03457596630273194,KLM95Y,Embraer ERJ
92,,CPA270,
93,-0.056881130437188426,KLM871,Boeing 777
94,,KLM43R,
95,,AFR58LW,Airbus A318
96,-0.03457596630273194,KLM1853,Embraer ERJ
97,-0.029030952472054797,KLM61N,Boeing 737
98,,AEE625,
99,,KLM65A,
100,,QTR276,Airbus A350
101,,KLM71F,
102,-0.029030952472054797,KLM51E,Boeing 737
103,-0.03457596630273194,KLM77H,Embraer ERJ
104,,NJE433D,
105,-0.029030952472054797,TRA6817,Boeing 737
106,,DAL75,Airbus A330
107,-0.029030952472054797,RYR969E,Boeing 737
108,,VJH812,
109,,PHLAU,Dassault Falcon 900EX
110,,TEU7,
111,,TAP66TS,
112,-0.029030952472054797,TRA35Q,Boeing 737
113,,SEH791,
114,,TRA6119,
115,,AFR1641,
116,,NJE529G,Embraer Phenom 300
117,-0.029030952472054797,KLM1605,Boeing 737
118,-0.056881130437188426,KLM895,Boeing 777
119,,EJU53TR,
120,-0.03457596630273194,KLM1779,Embraer ERJ
121,-0.029030952472054797,KLM49N,Boeing 737
122,,KLM129,Airbus SAS A330-303
123,-0.03457596630273194,LOT2PJ,Embraer ERJ
124,,AFR23LU,Embraer EMB
125,-0.056881130437188426,KLM861,Boeing 777
126,-0.029030952472054797,KLM1367,Boeing 737
127,,KLM45R,
128,-0.029030952472054797,TRA6641,Boeing 737
129,,KLM25D,
130,-0.029030952472054797,KLM63R,Boeing 737
131,-0.029030952472054797,TRA5225,Boeing 737
132,,KLM589,
133,-0.029030952472054797,KLM1905,Boeing 737
134,,KLM1469,
135,,KAC128,
136,,UAE31V,Airbus A380 861
137,-0.03457596630273194,KLM95V,Embraer ERJ
138,-0.03457596630273194,KLM41F,Embraer ERJ
139,-0.03457596630273194,KLM57B,Embraer ERJ
140,-0.056881130437188426,KLM427,Boeing 777
141,,KLM423,Airbus SAS A330-303
142,,THY3LQ,Boeing 787
143,-0.029030952472054797,TRA5X,Boeing 737
144,,CND921P,
145,-0.03457596630273194,KLM55F,Embraer ERJ
146,,DLH4A,Airbus A319
147,,KLM1633,
148,-0.056881130437188426,QTR34B,Boeing 777
149,,AMQ6K,
150,,SVA216,Boeing 787
151,-0.029030952472054797,KLM71V,Boeing 737
152,-0.03457596630273194,KLM1245,Embraer ERJ
153,,EJU86JD,Airbus A319
154,-0.03457596630273194,KLM91J,Embraer ERJ
155,-0.03457596630273194,KLM89F,Embraer ERJ
156,,KLM63T,
157,-0.03457596630273194,KLM1423,Embraer ERJ
158,,NJE122A,
159,,PGT31LC,
160,-0.02357713737636452,AFR1841,Airbus A320
161,-0.029030952472054797,KLM67B,Boeing 737
162,-0.03457596630273194,KLM87E,Embraer ERJ
163,,TRA95P,
164,,KLM35U,
165,-0.03457596630273194,KLM1343,Embraer ERJ
166,,NJE857H,Dassault Falcon 2000EX EASy
167,,KLM1821,
168,-0.029030952472054797,KLM41L,Boeing 737
169,,KLM95T,
170,-0.029030952472054797,TRA35L,Boeing 737
171,-0.03457596630273194,KLM1791,Embraer ERJ
172,-0.029030952472054797,KLM91X,Boeing 737
173,-0.029030952472054797,KLM33K,Boeing 737
174,-0.056881130437188426,KLM843,Boeing 777
175,,JFA77N,
176,,TKJ8UR,
177,-0.03457596630273194,KLM15Z,Embraer ERJ
178,-0.02357713737636452,BAW447J,Airbus A320
179,-0.029030952472054797,TRA6606,Boeing 737
180,,AFR73LH,
181,,EJU18PU,
182,,EJU7870,
183,-0.056881130437188426,ETD917,Boeing 777
184,,FIN4AZ,Airbus A321
185,,TRA3T,
186,,CSN307,
187,,BTI6D9,
188,,KAL509,Boeing 747
189,,SAS827,
190,,PTN43W,
191,,CLX315X,Boeing 747
192,,KLM9894,
193,,DLH998,
194,,NJE2AD,
195,,SAS1555,
196,-0.029030952472054797,TRA1V,Boeing 737
197,-0.03457596630273194,LOT7KZ,Embraer ERJ
198,,ITY112,
199,-0.029030952472054797,KLM60Q,Boeing 737
200,-0.029030952472054797,KLM1316,Boeing 737
201,-0.029030952472054797,KLM58K,Boeing 737
202,,AIC155,Boeing 787
203,-0.029030952472054797,KLM34V,Boeing 737
204,,NSZ4533,
205,,KAL925,
206,-0.056881130437188426,KLM844,Boeing 777
207,,CND9292,
208,-0.02357713737636452,DLH9MC,Airbus A320
209,-0.029030952472054797,ROT363W,Boeing 737
210,-0.056881130437188426,KLM896,Boeing 777
211,-0.03457596630273194,KLM74N,Embraer ERJ
212,,RYR76QE,
214,-0.029030952472054797,KLM1368,Boeing 737
215,,KLM1766,Canadair CL-600-2B19 CRJ-200LR
216,,KLM1274,
217,-0.03457596630273194,KLM44C,Embraer ERJ
218,-0.029030952472054797,KLM1856,Boeing 737
219,-0.056881130437188426,ETD58B,Boeing 777
220,,KLM27K,
221,,KLM90Y,
222,-0.03457596630273194,KLM25M,Embraer ERJ
223,-0.03457596630273194,KLM68V,Embraer ERJ
224,-0.029030952472054797,KLM37X,Boeing 737
225,-0.03457596630273194,KLM56A,Embraer ERJ
226,-0.03457596630273194,KLM1246,Embraer ERJ
227,-0.03457596630273194,KLM32E,Embraer ERJ
228,,KLM62R,
229,,MAC125,
230,,KLM84T,
231,-0.029030952472054797,KLM1960,Boeing 737
232,-0.029030952472054797,KLM54G,Boeing 737
233,-0.029030952472054797,KLM83C,Boeing 737
234,,CND712,
235,,JME911Z,Gulfstream G280
236,,JFA00B,Piaggio P-180 Avanti
237,,UAE149,
238,,SAS49M,
239,-0.029030952472054797,KLM31Y,Boeing 737
240,,KLM96U,
241,-0.029030952472054797,KLM1298,Boeing 737
242,-0.03457596630273194,KLM29Q,Embraer ERJ
243,-0.03457596630273194,KLM24P,Embraer ERJ
244,-0.029030952472054797,KLM1782,Boeing 737
245,,MMD3232,
246,-0.029030952472054797,KLM59W,Boeing 737
247,,KLM47V,
248,-0.03457596630273194,KLM52L,Embraer ERJ
249,-0.029030952472054797,KLM36Z,Boeing 737
250,-0.029030952472054797,KLM46A,Boeing 737
251,-0.029030952472054797,ELY339,Boeing 737
252,-0.029030952472054797,KLM16K,Boeing 737
253,-0.02357713737636452,EJU9966,Airbus A320
254,,KLM68L,
255,,NJE604L,
256,-0.029030952472054797,KLM94M,Boeing 737
257,,ASL93K,Embraer EMB
258,,NJE7FV,
259,,PHKEK,
260,,SYB028,
261,,AWH64T,
262,,ZXP24,
263,,QTR96C,Boeing 787
264,,VLG40MQ,
265,,AWH64Z,
266,,LIFELN1,Eurocopter Deutschland EC135 T2+
268,-0.029030952472054797,TRA6642,Boeing 737
269,,KLM590,
270,,KLM272,Boeing 787
271,,KLM92B,
272,-0.056881130437188426,UAE145,Boeing 777
273,-0.03457596630273194,KLM79Y,Embraer ERJ
274,-0.03457596630273194,KLM54V,Embraer ERJ
275,-0.03457596630273194,KLM1814,Embraer ERJ
276,-0.03457596630273194,KLM83G,Embraer ERJ
277,-0.029030952472054797,KLM30N,Boeing 737
278,-0.029030952472054797,KLM99A,Boeing 737
279,,KLM1322,
280,,DLH4AF,Airbus A319
281,,DLA7JA,
282,-0.056881130437188426,KLM872,Boeing 777
283,-0.03457596630273194,KLM71G,Embraer ERJ
284,,UAL946,Boeing 767
285,-0.029030952472054797,KLM80J,Boeing 737
286,-0.056881130437188426,KLM836,Boeing 777
287,,KLM880,
288,,KLM78L,
289,,KLM74Z,
290,,XRO1071,Dassault Myst√®re-Falcon 900
291,,KLM42T,
292,,CPA271,
293,-0.03457596630273194,KLM32D,Embraer ERJ
294,-0.029030952472054797,KLM1248,Boeing 737
295,-0.03457596630273194,KLM1660,Embraer ERJ
296,-0.029030952472054797,KLM1214,Boeing 737
297,-0.029030952472054797,KLM34E,Boeing 737
298,-0.029030952472054797,KLM94K,Boeing 737
299,,BTI8FH,Airbus A220-300
300,-0.029030952472054797,TGZ651,Boeing 737
301,,EJU45MU,Airbus A319
302,-0.02357713737636452,SWR883P,Airbus A320
303,,KMM394,
304,-0.03457596630273194,KLM946,Embraer ERJ
305,-0.029030952472054797,KLM46D,Boeing 737
306,,BTI7HB,Bombardier
307,,BTI6RV,
308,,DAL142,
309,,DAL134,Airbus A330
310,-0.029030952472054797,KLM24B,Boeing 737
311,-0.03457596630273194,KLM1798,Embraer ERJ
312,-0.02357713737636452,EJU38MB,Airbus A320
313,,KLM51M,
314,,EJU47UF,
315,-0.02357713737636452,AUA1T,Airbus A320
316,-0.03457596630273194,KLM66J,Embraer ERJ
317,,LOT5PX,
318,,N1FE,Bombardier
319,,SWR4GX,Embraer EMB
320,-0.056881130437188426,UAE21U,Boeing 777
321,,PHUNC,
322,,SAS1553,
323,,BAW430A,Airbus A319
324,,ITY120,
325,-0.02357713737636452,EJU96LP,Airbus A320
326,-0.029030952472054797,ROT361U,Boeing 737
327,-0.056881130437188426,GIA088,Boeing 777
328,,NJE435B,
329,,KLM1828,
330,,MNB149,
331,,ITY108,
332,,PGT6MW,
333,,QTR42V,Airbus A350
334,,KLM74A,
335,,NSZ2038,
337,,MARVA,
338,-0.029030952472054797,KLM44Y,Boeing 737
339,-0.03457596630273194,KLM982,Embraer ERJ
340,,KLM767,Airbus SAS A330-303
341,,KLM1842,
342,-0.03457596630273194,KLM46Z,Embraer ERJ
343,,AEE624,
344,,SUA7A,Cessna
345,,KLM24J,Canadair CL-600-2B19 CRJ-200LR
346,-0.03457596630273194,KLM1850,Embraer ERJ
347,-0.029030952472054797,KLM38Z,Boeing 737
348,-0.03457596630273194,KLM69K,Embraer ERJ
349,-0.03457596630273194,KLM1788,Embraer ERJ
350,,NJE5ZD,Cessna
351,-0.056881130437188426,CAO1033,Boeing 777
352,-0.03457596630273194,KLM28V,Embraer ERJ
353,-0.03457596630273194,KLM78W,Embraer ERJ
354,-0.056881130437188426,KLM706,Boeing 777
355,,CLF643A,
356,-0.029030952472054797,KLM48F,Boeing 737
357,-0.03457596630273194,KLM50W,Embraer ERJ
358,-0.03457596630273194,KLM1710,Embraer ERJ
359,,KLM924,
360,,KLM20E,
361,-0.03457596630273194,KLM68G,Embraer ERJ
362,-0.03457596630273194,KLM34D,Embraer ERJ
363,-0.02357713737636452,VLG34JG,Airbus A320
364,,DAL9887,Airbus A330
365,,TRA6936,
366,-0.029030952472054797,KLM30V,Boeing 737
367,,EJU81KY,Airbus A319
368,-0.03457596630273194,KLM1800,Embraer ERJ
369,-0.056881130437188426,KLM248,Boeing 777
370,-0.056881130437188426,KLM792,Boeing 777
371,,UAE84N,Airbus A380 861
372,,EZY24TN,Airbus A319
373,-0.029030952472054797,KLM1602,Boeing 737
374,-0.02357713737636452,EZY47QM,Airbus A320
375,-0.03457596630273194,KLM1944,Embraer ERJ
376,-0.03457596630273194,KLM70Y,Embraer ERJ
377,,SVA215,Boeing 787
378,,KLM1754,
379,-0.029030952472054797,TFL9524,Boeing 737
380,,CAO3159,Airbus A330
381,-0.02357713737636452,EIN60T,Airbus A320
382,,NJE205D,
383,-0.029030952472054797,TKJ87R,Boeing 737
384,-0.02357713737636452,VLG28E,Airbus A320
385,-0.02357713737636452,DLH4NV,Airbus A320
386,-0.02357713737636452,AFR23DM,Airbus A320
387,-0.03457596630273194,KLM96H,Embraer ERJ
388,,BAW3ET,
389,,CFE89W,Embraer EMB
390,-0.029030952472054797,KLM62D,Boeing 737
391,-0.056881130437188426,KLM755,Boeing 777
392,,YZR7413,Boeing 747
393,-0.02357713737636452,VLG1377,Airbus A320
394,,SEH790,
395,-0.029030952472054797,KLM46C,Boeing 737
396,-0.056881130437188426,QTR38N,Boeing 777
397,-0.029030952472054797,KLJ2985,Boeing 737
398,-0.03457596630273194,KLM1830,Embraer ERJ
399,-0.029030952472054797,KLM1776,Boeing 737
400,,AIZ511,
401,,THY8UJ,Airbus A330
402,-0.029030952472054797,KLM68J,Boeing 737
403,,KLM20H,
404,,UAE9912,
405,-0.029030952472054797,TRA1B,Boeing 737
406,,MSR757,
407,-0.03457596630273194,KLM30D,Embraer ERJ
408,-0.03457596630273194,KLM52X,Embraer ERJ
409,-0.029030952472054797,KLM92W,Boeing 737
410,,KLM1294,
411,,KLM78B,
412,-0.02357713737636452,DLH992,Airbus A320
413,-0.02357713737636452,SAS87Y,Airbus A320
414,,AFR25AX,Embraer EMB
415,-0.029030952472054797,KLM88T,Boeing 737
416,,VLG10UA,
417,-0.02357713737636452,EJU42FN,Airbus A320
418,,KLM44A,
419,-0.056881130437188426,KLM744,Boeing 777
420,,CND5997,
421,,EZY27KA,Airbus A319
422,-0.03457596630273194,KLM38E,Embraer ERJ
423,-0.03457596630273194,KLM1452,Embraer ERJ
424,-0.029030952472054797,KLM36X,Boeing 737
425,,PGT1253,
426,,AFR19LJ,Airbus A318
427,,SWR8YE,
428,-0.02357713737636452,EZY21AG,Airbus A320
429,-0.029030952472054797,KLM1902,Boeing 737
430,-0.03457596630273194,KLM58M,Embraer ERJ
431,,RYR4UN,
432,-0.029030952472054797,KLM1314,Boeing 737
433,,DAL74,Airbus A330
434,,NJE622F,
435,,AMX025,
436,-0.03457596630273194,KLM1654,Embraer ERJ
437,,BAW438W,Airbus A319
438,,KLM52Q,
439,,AZG201,
440,,KLM9888,
442,,KQA116,Boeing 787
443,,KLM70K,
444,,CND932P,
445,-0.029030952472054797,KLM40D,Boeing 737
446,,CKK205,
447,-0.056881130437188426,CSG2573,Boeing 777
448,-0.03457596630273194,KLM916,Embraer ERJ
449,,KLM20B,
450,,KLM1764,
451,-0.029030952472054797,KLM46M,Boeing 737
452,-0.03457596630273194,KLM33G,Embraer ERJ
453,-0.029030952472054797,KLM94X,Boeing 737
454,,EJU57XP,Airbus A319
455,,KLM22H,
456,-0.03457596630273194,KLM64W,Embraer ERJ
457,-0.056881130437188426,ETD913,Boeing 777
458,,RYR5298,
459,,KLM1844,
460,-0.056881130437188426,QTR21V,Boeing 777
461,-0.03457596630273194,KLM40Q,Embraer ERJ
462,,KLM84H,
463,-0.03457596630273194,KLM72N,Embraer ERJ
464,,KLM30H,
465,-0.03457596630273194,KLM1820,Embraer ERJ
466,-0.03457596630273194,KLM1790,Embraer ERJ
467,,KLM68C,
468,-0.03457596630273194,KLM1756,Embraer ERJ
469,-0.03457596630273194,KLM44E,Embraer ERJ
470,-0.029030952472054797,KLM38W,Boeing 737
471,,NSZ54CA,
472,,KLM32F,Canadair CL-600-2B19 CRJ-200LR
473,-0.03457596630273194,KLM80Y,Embraer ERJ
474,,KLM1832,
475,-0.029030952472054797,TRA70T,Boeing 737
476,,TRA9K,
477,,MPH8562,Boeing 747
479,,DLA6JL,Embraer EMB
480,-0.03457596630273194,KLM1780,Embraer ERJ
481,,KLM1080,
482,-0.056881130437188426,CES771,Boeing 777
484,,DLH996,Airbus A319
485,,MAC121U,
486,,EZY71VT,Airbus A319
489,,EJU42BP,Airbus A319
490,,EJU76KG,
491,,CXA811,Boeing 787
493,,KLM1010,
494,-0.029030952472054797,TRA75B,Boeing 737
497,,EJU57WJ,
498,,BTI859,
499,,NJE8PQ,
500,,N582JR,
501,-0.02357713737636452,DLH998,Airbus A320
502,,BCS1443,
503,-0.02357713737636452,BAW44E,Airbus A320
504,,KLM596,Boeing 787
505,,KLM70G,
506,,EDC016,
509,,EOA001,Cessna
511,,DLH9MC,Bombardier
512,,LOT7KZ,
513,-0.029030952472054797,RYR3SW,Boeing 737
523,,SWR8EV,
527,,EJU16QL,Airbus A319
528,,KLM41J,
531,,VJT842,Bombardier
532,,AUA3TC,Embraer EMB
533,-0.02357713737636452,SAS49M,Airbus A320
534,-0.029030952472054797,SXS9GF,Boeing 737
539,,KLM932,
540,,UAE149,Airbus A380 861
541,,EIN61V,
543,,MAS6126,Airbus A330
544,-0.03457596630273194,KLM64H,Embraer ERJ
546,,EJU43TL,Airbus A319
548,,KLM1766,
550,,KLM29Q,
551,,KLM966,
556,,GAC661K,Cessna
560,-0.029030952472054797,KLM1048,Boeing 737
561,,EZY32PG,
562,-0.02357713737636452,EZS79YG,Airbus A320
563,-0.029030952472054797,KLM88B,Boeing 737
565,-0.03457596630273194,KLM52E,Embraer ERJ
566,,CND168,
567,-0.029030952472054797,TFL83V,Boeing 737
568,,EZS1517,
569,-0.02357713737636452,EZY65ZK,Airbus A320
570,-0.02357713737636452,EZY27HA,Airbus A320
571,,EZY89VE,Airbus A319
572,-0.029030952472054797,KLM64F,Boeing 737
573,,THY8GV,
575,,KLM1206,
576,-0.02357713737636452,VLG622Z,Airbus A320
577,,KLM94M,
578,,KLM1412,
579,,EJU7816,Airbus A319
580,,EJU68XQ,Airbus A319
581,-0.02357713737636452,VLG1NR,Airbus A320
582,,EJU79RV,
583,-0.029030952472054797,KLM84A,Boeing 737
584,-0.03457596630273194,KLM1344,Embraer ERJ
585,,SWR736,Airbus A321
586,-0.02357713737636452,EJU18MT,Airbus A320
587,,LOT6MB,Embraer EMB
588,-0.02357713737636452,DLH7MR,Airbus A320
589,-0.02357713737636452,IBS17MM,Airbus A320
590,-0.03457596630273194,KLM1016,Embraer ERJ
591,,TFL4PW,
592,-0.03457596630273194,KLM1038,Embraer ERJ
593,-0.029030952472054797,TRA5426,Boeing 737
594,,TRA5U,
595,-0.03457596630273194,KLM36D,Embraer ERJ
596,,KLM1508,
597,,TFL3802,
598,-0.029030952472054797,TRA1C,Boeing 737
599,-0.029030952472054797,TRA6866,Boeing 737
600,-0.03457596630273194,KLM80L,Embraer ERJ
601,-0.029030952472054797,TRA35W,Boeing 737
602,-0.029030952472054797,TRA6904,Boeing 737
603,-0.029030952472054797,TRA9R,Boeing 737
605,-0.029030952472054797,TRA5752,Boeing 737
606,-0.029030952472054797,TRA99G,Boeing 737
607,-0.029030952472054797,TFL7AL,Boeing 737
608,-0.029030952472054797,TRA737,Boeing 737
609,-0.029030952472054797,TRA545,Boeing 737
610,-0.029030952472054797,TRA6901,Boeing 737
611,-0.029030952472054797,TRA4J,Boeing 737
612,-0.029030952472054797,TRA5071,Boeing 737
613,,TRA5V,
614,-0.029030952472054797,TRA5315,Boeing 737
615,-0.029030952472054797,KLM35J,Boeing 737
620,,CND711,
621,-0.029030952472054797,TRA6413,Boeing 737
622,,DLH5A,Airbus A319
623,,TRA5817,
625,-0.03457596630273194,KLM1163,Embraer ERJ
626,-0.029030952472054797,KLM55C,Boeing 737
627,,KLM1849,
628,,EJU46ZH,
629,-0.03457596630273194,KLM33B,Embraer ERJ
630,-0.029030952472054797,TRA8X,Boeing 737
631,-0.03457596630273194,KLM1229,Embraer ERJ
632,-0.029030952472054797,KLM1771,Boeing 737
633,,KLM1841,
634,,EJU7867,
637,,KLM77K,Canadair CL-600-2B19 CRJ-200LR
639,-0.03457596630273194,KLM1283,Embraer ERJ
640,,KLM59U,
641,,KLM1291,
642,-0.02357713737636452,DLH2TJ,Airbus A320
643,,KLM89Q,
644,-0.056881130437188426,CPA2270,Boeing 777
645,,EJU7927,Airbus A319
652,-0.029030952472054797,KLM97L,Boeing 737
655,,KLM91Z,
656,-0.03457596630273194,KLM73Y,Embraer ERJ
660,-0.029030952472054797,KLM85A,Boeing 737
668,,KLM89D,
675,,GTI8229,Boeing 747
676,,EJU54RX,Airbus A319
677,,SAS72C,
679,-0.02357713737636452,DLH1A,Airbus A320
680,,KLM879,
681,,DLH8RM,Airbus A319
682,,SIA323,
683,,EJU7937,Airbus A319
684,,KLM877,
688,-0.029030952472054797,KLM49E,Boeing 737
694,-0.02357713737636452,EZS84EZ,Airbus A320
702,,KLM1763,
703,,KLM1375,
704,,KLM57T,
705,,KLM1801,
706,,CAO1040,
707,,SXS3RC,
708,-0.03457596630273194,KLM1789,Embraer ERJ
709,-0.03457596630273194,KLM49F,Embraer ERJ
710,,CKK210,
712,-0.02357713737636452,DLH8FT,Airbus A320
713,-0.029030952472054797,TKJ9YD,Boeing 737
714,,SXS1ZW,
727,-0.029030952472054797,KLM83B,Boeing 737
728,,THY6560,Airbus A310 308F
729,,KLM79C,
730,-0.029030952472054797,KLM1169,Boeing 737
734,,EJU61UC,
736,,KLM79J,
737,-0.029030952472054797,KLM53D,Boeing 737
738,-0.03457596630273194,KLM1187,Embraer ERJ
747,,KLM1713,
748,,KLM89Y,
749,,AEE6MS,
750,-0.029030952472054797,KLM99D,Boeing 737
751,-0.029030952472054797,TRA65U,Boeing 737
820,,VJH334,Cessna
836,,TRA32A,
837,,TRA6734,
838,-0.029030952472054797,TRA6886,Boeing 737
839,,TRA33B,
841,-0.029030952472054797,TFL6JA,Boeing 737
843,-0.029030952472054797,TRA5226,Boeing 737
844,-0.056881130437188426,CSN495,Boeing 777
845,,KLM588,Airbus SAS A330-303
847,,DAL132,Airbus A330
848,,DAL46,
849,-0.056881130437188426,KLM268,Boeing 777
850,,KLM810,Boeing 787
851,,KLM888,Boeing 787
852,-0.056881130437188426,KLM251,Boeing 777
853,,KLM30K,
854,,KLM88A,
855,,KLM204,
856,-0.03457596630273194,KLM1708,Embraer ERJ
857,-0.029030952472054797,KLM1266,Boeing 737
858,,KLM98C,
859,,DAL72,Airbus A330
860,,KLM628,Airbus SAS A330-303
861,-0.056881130437188426,UAL70,Boeing 777
862,,KLM1282,Canadair CL-600-2B19 CRJ-200LR
863,,CAL073,Airbus A350
864,,KLM44J,
865,,KLM878,
868,-0.029030952472054797,KLM24M,Boeing 737
869,,KLM52N,
870,,AFR89WP,
871,-0.03457596630273194,KLM62A,Embraer ERJ
872,-0.03457596630273194,KLM60Y,Embraer ERJ
880,-0.029030952472054797,KLM22C,Boeing 737
882,,AFR32BU,
883,-0.03457596630273194,KLM68N,Embraer ERJ
888,-0.02357713737636452,EZY45DJ,Airbus A320
894,-0.03457596630273194,KLM58G,Embraer ERJ
901,,KLM282,
904,-0.03457596630273194,KLM1126,Embraer ERJ
912,,KLM1628,
913,,LZB461,
915,-0.02357713737636452,SAS2551,Airbus A320
916,-0.02357713737636452,VLG5JR,Airbus A320
917,,AEA46YA,
918,,DAL162,
919,-0.02357713737636452,VLG8354,Airbus A320
920,,ASL36Z,
921,,EZY52FJ,
922,-0.03457596630273194,KLM978,Embraer ERJ
923,-0.056881130437188426,ACA808,Boeing 777
925,,AFR88BA,
926,-0.029030952472054797,KLM44L,Boeing 737
928,-0.02357713737636452,DLH2YY,Airbus A320
929,,AAL204,Boeing 787
930,,DAL136,Airbus A330
931,,SVA933,
932,,TFL822,
933,,KLM100,Airbus SAS A330-203
934,,KLM741,
935,,DAL56,Airbus A330
936,,EJU98YH,
938,,KLM644,Boeing 787
939,-0.056881130437188426,KLM104,Boeing 777
940,,CTN5NL,Airbus A319
941,,EJU7930,
943,,SIA7343,Boeing 747
944,-0.03457596630273194,KLM54D,Embraer ERJ
945,-0.029030952472054797,KLM1930,Boeing 737
947,,SLM994,
949,,FPY66M,
950,,MAC127X,
952,,TFL370,Boeing 787
953,,THY34N,Airbus A330
955,-0.03457596630273194,KLM980,Embraer ERJ
968,-0.029030952472054797,KLM64L,Boeing 737
970,-0.029030952472054797,RYR4YC,Boeing 737
973,,KLM1056,
975,,KLM42N,
977,,KLM76U,
990,,ZXP04,Eurocopter Deutschland EC135 P2+
999,-0.03457596630273194,LOT7VJ,Embraer ERJ
1022,-0.029030952472054797,TRA21Q,Boeing 737
1030,-0.029030952472054797,KLM66U,Boeing 737
1032,-0.03457596630273194,KLM90G,Embraer ERJ
1037,-0.029030952472054797,RYR76QE,Boeing 737
1038,,KLM9935,
1039,,EJU92TD,
1040,-0.029030952472054797,KLM42G,Boeing 737
1041,,EZY57HZ,Airbus A319
1042,-0.02357713737636452,EZY97BG,Airbus A320
1047,,JVW474,
1086,-0.029030952472054797,KLM74L,Boeing 737
1089,-0.029030952472054797,KLM60A,Boeing 737
1090,-0.02357713737636452,EZY36VN,Airbus A320
1102,,TRA11A,
1105,,KLM36E,
1109,-0.03457596630273194,KLM78G,Embraer ERJ
1110,,VJT503,Bombardier
1111,,SAS1549,
1112,,TKJ5DT,
1113,,THY86F,Airbus A330
1114,,EZY12GU,Airbus A319
1115,,NOZ58U,
1116,-0.056881130437188426,QTR20W,Boeing 777
1117,,EJU75MA,
1118,-0.03457596630273194,KLM96C,Embraer ERJ
1119,,AEA61HL,
1144,-0.02357713737636452,IBS1793,Airbus A320
1146,-0.03457596630273194,KLM23H,Embraer ERJ
1151,-0.029030952472054797,KLM50H,Boeing 737
1169,,KLM974,
1170,-0.029030952472054797,KLM80Z,Boeing 737
1186,,KLM918,
1194,,ASL93K,
1202,,SAS1557,
1213,-0.02357713737636452,EZY54RU,Airbus A320
1214,,KLM1938,
1215,-0.03457596630273194,KLM30B,Embraer ERJ
1216,,AFR37ZJ,Embraer EMB
1217,,SAS549,
1218,,EJU48QV,
1219,,BAW9MS,Airbus A319
1220,-0.02357713737636452,VLG40MQ,Airbus A320
1222,,EJU46QA,
1224,-0.03457596630273194,KLM1318,Embraer ERJ
1225,-0.02357713737636452,DLH5RF,Airbus A320
1226,-0.029030952472054797,KLM82D,Boeing 737
1227,,EJU61JH,
1228,,EJU95YN,
1242,,TRA59M,
1243,-0.029030952472054797,KLM46B,Boeing 737
1244,,TRA94J,
1245,,TRA45V,
1249,-0.029030952472054797,TFL5KW,Boeing 737
1250,,TRA8K,
1251,,OR099P,Boeing 787
1255,-0.029030952472054797,TRA43P,Boeing 737
1256,-0.029030952472054797,TRA56M,Boeing 737
1257,,TRA26A,
1261,,TRA16Y,
1264,-0.029030952472054797,TRA45A,Boeing 737
1265,-0.03457596630273194,KLM89W,Embraer ERJ
1267,,TRA6T,
1268,-0.02357713737636452,TAP675,Airbus A320
1270,,VLG97VV,
1271,-0.02357713737636452,IBS17RQ,Airbus A320
1272,,EJU62LY,Airbus A319
1273,,BAW2AM,Airbus A319
1275,-0.029030952472054797,TRA72L,Boeing 737
1276,-0.02357713737636452,VLG68ZD,Airbus A320
1277,-0.029030952472054797,KLM1403,Boeing 737
1280,-0.029030952472054797,KLM1135,Boeing 737
1285,-0.029030952472054797,KLM45H,Boeing 737
1288,,EJU47PG,
1291,-0.02357713737636452,EJU59AW,Airbus A320
1293,,KLM41N,
1296,-0.029030952472054797,KLM43Q,Boeing 737
1297,-0.03457596630273194,KLM49G,Embraer ERJ
1298,,TRA6003,
1302,,KLM47W,
1304,-0.03457596630273194,KLM95E,Embraer ERJ
1305,-0.056881130437188426,KLM195,Boeing 777
1307,-0.029030952472054797,KLM1579,Boeing 737
1310,,DAL47,
1314,,KLM83U,
1315,-0.03457596630273194,KLM1761,Embraer ERJ
1316,,DAL57,Airbus A330
1317,,TFL757,Boeing 787
1318,,KLM92A,
1319,,KLM1753,
1320,-0.03457596630273194,KLM69Y,Embraer ERJ
1325,-0.02357713737636452,EIN603,Airbus A320
1326,-0.029030952472054797,KLM1031,Boeing 737
1327,,KLM661,Airbus SAS A330-303
1328,-0.029030952472054797,KLM1251,Boeing 737
1329,-0.056881130437188426,UAL71,Boeing 777
1330,-0.029030952472054797,KLM67F,Boeing 737
1331,,KLM15L,
1332,,KLM601,
1336,,KLM132,
1338,,EZY16MH,
1339,-0.029030952472054797,KLM31K,Boeing 737
1342,-0.056881130437188426,KLM163,Boeing 777
1343,,DAL133,Airbus A330
1345,-0.029030952472054797,KLM65M,Boeing 737
1346,,KLM623,Boeing 787
1347,-0.029030952472054797,KLM59N,Boeing 737
1348,,KLM9891,
1349,-0.02357713737636452,BAW429B,Airbus A320
1350,,BTI8KY,
1352,,DAL143,
1354,,SAS62L,
1355,,KLM955,
1356,,SLM993,
1357,,DAL161,Airbus A330
1359,,UAL21,Boeing 767
1361,-0.029030952472054797,KLM91Y,Boeing 737
1362,,DAL73,Airbus A330
1363,-0.02357713737636452,EZY48DR,Airbus A320
1364,,DAL49,
1365,-0.056881130437188426,KLM705,Boeing 777
1368,,AEA85GT,
1370,-0.056881130437188426,KLM791,Boeing 777
1372,,EJU15BZ,
1373,-0.02357713737636452,CTN4AS,Airbus A320
1376,,DAL243,
1377,-0.029030952472054797,TFL8NG,Boeing 737
1380,,KLM757,Boeing 787
1381,,FIN9AD,Airbus A321
1383,,UAL947,Boeing 767
1387,,BAW41R,Airbus A319
1388,-0.056881130437188426,KLM743,Boeing 777
1390,-0.02357713737636452,EZY92ZY,Airbus A320
1393,-0.03457596630273194,KLM27Z,Embraer ERJ
1394,-0.029030952472054797,KLM1007,Boeing 737
1397,,TFL821,
1398,-0.03457596630273194,KLM87L,Embraer ERJ
1399,-0.029030952472054797,KLM99C,Boeing 737
1400,-0.029030952472054797,KLM939,Boeing 737
1403,,YZR7412,Boeing 747
1405,,KLM1285,Canadair CL-600-2B19 CRJ-200LR
1406,,KLM89A,
1410,,DAL163,
1411,,DAL237,Airbus A330
1412,,CFE93PN,
1413,,KLM81D,
1414,-0.02357713737636452,SAS822,Airbus A320
1415,,DAL91,Airbus A330
1416,,KLM677,
1417,-0.056881130437188426,KLM611,Boeing 777
1420,,CSN452,
1422,,KLM236,Airbus SAS A330-203
1423,,KLM53Q,
1424,-0.029030952472054797,ICE501,Boeing 737
1425,-0.03457596630273194,KLM29G,Embraer ERJ
1427,,AAL203,
1428,,KLM35N,
1429,-0.03457596630273194,KLM1711,Embraer ERJ
1431,-0.02357713737636452,IBS17WY,Airbus A320
1435,-0.03457596630273194,KLM83V,Embraer ERJ
1438,-0.029030952472054797,KLM31H,Boeing 737
1439,-0.02357713737636452,EZY53LZ,Airbus A320
1440,,JBU2289,
1441,,KLM37G,
1443,,KLM641,
1448,,KLM99L,
1451,,VLG276B,
1452,,EJU79QH,Airbus A319
1454,,KLM147,
1457,-0.029030952472054797,KLM69H,Boeing 737
1459,,TFL369,Boeing 787
1460,-0.03457596630273194,KLM53U,Embraer ERJ
1464,,CFE60M,Embraer EMB
1466,-0.029030952472054797,KLM65N,Boeing 737
1467,-0.03457596630273194,KLM43B,Embraer ERJ
1469,-0.029030952472054797,KLM77D,Boeing 737
1470,,KLM685,Boeing 787
1471,-0.029030952472054797,NSZ541B,Boeing 737
1473,-0.056881130437188426,KLM281,Boeing 777
1475,-0.029030952472054797,TRA77K,Boeing 737
1477,,EZY21KH,Airbus A319
1479,,CND599,
1481,-0.029030952472054797,TFL1FJ,Boeing 737
1482,-0.029030952472054797,RYR98AQ,Boeing 737
1483,,AFR57KR,Embraer EMB
1484,,DAL137,Airbus A330
1485,-0.02357713737636452,VLG994B,Airbus A320
1486,-0.02357713737636452,BAW43XP,Airbus A320
1487,-0.029030952472054797,KLM47U,Boeing 737
1488,-0.029030952472054797,KLM61D,Boeing 737
1489,,EZY91GE,Airbus A319
1491,,BTI38C,Bombardier
1492,,MSR758,
1493,,EZY87JR,
1500,-0.029030952472054797,KLM1855,Boeing 737
1501,,EJU34DU,
1502,-0.02357713737636452,VLG6GT,Airbus A320
1503,,SWR3VD,
1506,,GTI8187,
1507,-0.03457596630273194,KLM1307,Embraer ERJ
1508,,AFR16BP,
1510,,GTI5579,Boeing 747
1511,,TFL097P,
1512,-0.029030952472054797,KLM49R,Boeing 737
1513,-0.029030952472054797,KLM941,Boeing 737
1514,-0.029030952472054797,KLM1035,Boeing 737
1515,-0.03457596630273194,KLM43Y,Embraer ERJ
1516,,TRA40K,
1517,-0.029030952472054797,TRA4K,Boeing 737
1521,-0.03457596630273194,KLM45B,Embraer ERJ
1522,-0.03457596630273194,KLM73Z,Embraer ERJ
1523,,EJU14HF,
1525,-0.03457596630273194,KLM57Y,Embraer ERJ
1527,-0.03457596630273194,KLM74U,Embraer ERJ
1528,-0.03457596630273194,KLC1059,Embraer ERJ
1529,-0.03457596630273194,KLC1093,Embraer ERJ
1530,-0.029030952472054797,KLM93B,Boeing 737
1532,-0.029030952472054797,KLM83A,Boeing 737
1533,-0.029030952472054797,KLM39F,Boeing 737
1534,,KLM21B,Canadair CL-600-2B19 CRJ-200LR
1535,,KLM81M,
1537,-0.02357713737636452,BAW439M,Airbus A320
1538,,KLM695,Airbus SAS A330-203
1539,,KLM1225,
1540,,KLM38H,
1541,-0.02357713737636452,EZY14CQ,Airbus A320
1542,-0.03457596630273194,KLM929,Embraer ERJ
1545,-0.029030952472054797,KLM29K,Boeing 737
1549,,KLM643,Boeing 787
1550,-0.029030952472054797,RAM851W,Boeing 737
1551,-0.056881130437188426,KLM617,Boeing 777
1554,,RYR19MY,
1555,-0.029030952472054797,KLM1622,Boeing 737
1556,,EJU8671,
1558,-0.03457596630273194,KLC1060,Embraer ERJ
1561,,BAW44E,Airbus A319
1563,-0.029030952472054797,KLM1936,Boeing 737
1564,-0.056881130437188426,KLM862,Boeing 777
1565,-0.029030952472054797,KLM42Y,Boeing 737
1566,-0.029030952472054797,KLM1170,Boeing 737
1567,,KLM22X,
1568,-0.03457596630273194,KLM30J,Embraer ERJ
1571,,EZY8687,Airbus A319
1573,-0.03457596630273194,KLM66C,Embraer ERJ
1574,-0.029030952472054797,RYR4UN,Boeing 737
1575,-0.02357713737636452,EJU4073,Airbus A320
1576,-0.029030952472054797,TRA6604,Boeing 737
1578,-0.029030952472054797,KLM80L,Boeing 737
1580,,EJU7930,Airbus A319
1581,,TFL3GH,
1582,,BCS21G,Boeing 757 23APF
1584,-0.029030952472054797,TRA6906,Boeing 737
1585,-0.029030952472054797,TRA59M,Boeing 737
1586,,MPH9462,Boeing 747
1587,-0.029030952472054797,TRA6628,Boeing 737
1589,,TRA9Y,
1590,-0.029030952472054797,TRA6454,Boeing 737
1591,-0.029030952472054797,TRA5234,Boeing 737
1601,-0.056881130437188426,KLM856,Boeing 777
1609,,KLM536,Airbus SAS A330-203
1610,,KLM642,
1611,,DAL160,Airbus A330
1613,,KLM183,Airbus SAS A330-203
1616,-0.03457596630273194,KLM28H,Embraer ERJ
1617,-0.056881130437188426,KLM428,Boeing 777
1618,-0.03457596630273194,KLM22A,Embraer ERJ
1620,-0.029030952472054797,KLM1750,Boeing 737
1622,,SIA324,Boeing 747
1623,-0.056881130437188426,KLM174,Boeing 777
1624,-0.029030952472054797,KLM42W,Boeing 737
1628,,KLM40G,
1629,-0.056881130437188426,KLM48,Boeing 777
1630,,KLM90J,
1636,,KLM616,
1637,-0.029030952472054797,KLM70B,Boeing 737
1640,-0.03457596630273194,KLM1440,Embraer ERJ
1641,-0.03457596630273194,KLM86M,Embraer ERJ
1642,,KLM192,Airbus SAS A330-303
1644,,KLM120,
1645,,DAL48,
1647,,DAL242,
1652,-0.029030952472054797,KLM76Q,Boeing 737
1653,,KLM54R,
1654,,EZS49EG,
1655,,KLM65Z,
1656,-0.03457596630273194,KLM20Q,Embraer ERJ
1657,-0.029030952472054797,KLM96L,Boeing 737
1662,-0.029030952472054797,KLM73T,Boeing 737
1664,,KLM50A,
1665,-0.029030952472054797,KLM66G,Boeing 737
1666,-0.029030952472054797,KLM84V,Boeing 737
1667,-0.03457596630273194,KLM90X,Embraer ERJ
1668,,EZY65MQ,Airbus A319
1670,-0.029030952472054797,KLM72R,Boeing 737
1671,,KLM70M,
1672,,UAL20,Boeing 767
1673,,KLM38Y,
1674,,AFR42JE,Embraer EMB
1675,-0.029030952472054797,KLM88C,Boeing 737
1676,-0.029030952472054797,TFL3895,Boeing 737
1677,-0.029030952472054797,KLM934,Boeing 737
1678,-0.029030952472054797,KLM1928,Boeing 737
1680,-0.029030952472054797,KLM82Z,Boeing 737
1681,-0.03457596630273194,KLM26K,Embraer ERJ
1682,-0.02357713737636452,BAW48HY,Airbus A320
1684,-0.03457596630273194,KLM86T,Embraer ERJ
1685,,KLM602,
1687,-0.056881130437188426,KLM676,Boeing 777
1689,-0.02357713737636452,EIN60H,Airbus A320
1690,-0.02357713737636452,EZY98NL,Airbus A320
1691,,CFE584,Embraer EMB
1692,,UAL909,Boeing 767
1693,,KLM702,Boeing 787
1694,-0.02357713737636452,EZY54ZT,Airbus A320
1701,,SAS821,
1702,-0.056881130437188426,KLM618,Boeing 777
1707,-0.056881130437188426,KLM592,Boeing 777
1720,,FIN47U,Airbus A321
1723,,DLH7MU,Bombardier
1731,,KLM26E,
1734,-0.029030952472054797,ELY337,Boeing 737
1735,,KLM758,Boeing 787
1738,,DAL236,Airbus A330
1740,,CFE8WH,Embraer EMB
1742,-0.03457596630273194,KLM70Z,Embraer ERJ
1745,,DAL90,Airbus A330
1754,,TRA6B,
1755,,KLM66A,
1756,,EJU93CH,Airbus A319
1757,,KLM80X,
1758,,KLM1404,
1759,,JBU2288,
1760,-0.03457596630273194,KLM1174,Embraer ERJ
1761,-0.03457596630273194,KLC1070,Embraer ERJ
1762,-0.029030952472054797,KLM1042,Boeing 737
1765,-0.02357713737636452,AFR1500,Airbus A320
1766,,EZY24BK,Airbus A319
1767,,KLM96D,
1770,-0.029030952472054797,ICE500,Boeing 737
1771,-0.02357713737636452,IBS17NA,Airbus A320
1772,,KLM90U,
1773,,KLM36T,
1776,-0.03457596630273194,KLM58H,Embraer ERJ
1780,-0.029030952472054797,KLM22B,Boeing 737
1782,,AFR39GK,Embraer EMB
1783,,KLM1920,
1784,,TAP668,
1785,-0.029030952472054797,RYR62SH,Boeing 737
1786,-0.029030952472054797,KLM94Q,Boeing 737
1787,-0.029030952472054797,KLM32P,Boeing 737
1788,,EJU97RC,
1792,-0.029030952472054797,KLM1512,Boeing 737
1793,,TRA35R,
1795,,RYR14PT,
1796,-0.029030952472054797,TRA8H,Boeing 737
1797,-0.029030952472054797,TRA7G,Boeing 737
1798,,KLM760,Boeing 787
1799,-0.02357713737636452,VLG411F,Airbus A320
1800,-0.029030952472054797,KLM60Z,Boeing 737
1801,-0.03457596630273194,KLM28K,Embraer ERJ
1808,,GGJIM,
1809,-0.029030952472054797,TRA3P,Boeing 737
1810,-0.029030952472054797,KLM48J,Boeing 737
1811,-0.03457596630273194,CFE635,Embraer ERJ
1812,-0.03457596630273194,KLM88L,Embraer ERJ
1815,-0.029030952472054797,TRA6148,Boeing 737
1817,-0.029030952472054797,KLM26F,Boeing 737
1818,,AFR1840,
1819,-0.029030952472054797,KLM1504,Boeing 737
1820,,KLM21C,
1821,-0.03457596630273194,KLM24V,Embraer ERJ
1822,-0.03457596630273194,KLM66H,Embraer ERJ
1823,-0.02357713737636452,VLG8NN,Airbus A320
1824,-0.029030952472054797,KLM39Q,Boeing 737
1825,,TRA26W,
1826,-0.03457596630273194,KLM904,Embraer ERJ
1827,,KLM34A,
1828,-0.02357713737636452,EIN60G,Airbus A320
1829,-0.03457596630273194,KLM99E,Embraer ERJ
1831,-0.03457596630273194,KLM1646,Embraer ERJ
1832,,KLM62X,
1833,-0.029030952472054797,TRA8G,Boeing 737
1835,,KLM1034,
1836,-0.029030952472054797,RAM850W,Boeing 737
1837,,KLM686,Boeing 787
1838,-0.03457596630273194,KLM1128,Embraer ERJ
1839,,EJU7954,Airbus A319
1840,-0.029030952472054797,KLM1140,Boeing 737
1841,,TRA7A,
1842,,BAW46EH,Airbus A319
1845,-0.02357713737636452,AUA3LF,Airbus A320
1846,-0.02357713737636452,EZY95XT,Airbus A320
1847,,KLM50X,
1850,-0.03457596630273194,KLM96Z,Embraer ERJ
1852,,EZY75EQ,Airbus A319
1854,,CSN345,
1855,-0.02357713737636452,AEE518,Airbus A320
1856,,PGT1259,
1857,,ITY110,
1858,-0.02357713737636452,TAP72N,Airbus A320
1860,,KLM1342,
1864,-0.02357713737636452,BAW450Q,Airbus A320
1865,-0.03457596630273194,CFE23X,Embraer ERJ
1871,-0.03457596630273194,KLM62W,Embraer ERJ
1872,-0.02357713737636452,VLG48K,Airbus A320
1876,-0.02357713737636452,EJU57DK,Airbus A320
1877,-0.029030952472054797,KLM24F,Boeing 737
1878,,CFE67W,
1879,-0.03457596630273194,KLM1936,Embraer ERJ
1881,-0.03457596630273194,KLM94A,Embraer ERJ
1882,-0.03457596630273194,KLM98G,Embraer ERJ
1884,-0.03457596630273194,KLM38F,Embraer ERJ
1885,,KLM20D,Canadair CL-600-2B19 CRJ-200LR
1888,-0.029030952472054797,KLM28W,Boeing 737
1890,-0.03457596630273194,KLM92Z,Embraer ERJ
1891,-0.03457596630273194,KLM1154,Embraer ERJ
1895,,KLM34B,
1897,-0.03457596630273194,KLM48D,Embraer ERJ
1899,-0.029030952472054797,KLM71B,Boeing 737
1900,-0.029030952472054797,KLM88U,Boeing 737
1901,-0.029030952472054797,KLM1036,Boeing 737
1905,,KLM26G,
1906,-0.03457596630273194,KLM22X,Embraer ERJ
1907,-0.029030952472054797,KLM81A,Boeing 737
1908,-0.02357713737636452,AFR17MF,Airbus A320
1910,-0.03457596630273194,KLC1094,Embraer ERJ
1911,,KLM76H,
1912,,GES331N,
1913,,AFR1440,
1914,-0.02357713737636452,EJU63TY,Airbus A320
1915,-0.02357713737636452,BAW442K,Airbus A320
1916,-0.029030952472054797,KLM1142,Boeing 737
1918,-0.03457596630273194,CFE779,Embraer ERJ
1919,,TRA6114,
1923,,CND124,
1930,-0.03457596630273194,KLM72B,Embraer ERJ
1933,-0.029030952472054797,TRA44X,Boeing 737
1934,,TRA7W,
1937,,VLG140C,
1938,-0.03457596630273194,KLM40C,Embraer ERJ
1940,-0.029030952472054797,TRA33B,Boeing 737
1943,-0.02357713737636452,AUA377M,Airbus A320
1944,-0.029030952472054797,KLM1226,Boeing 737
1948,-0.03457596630273194,KLM90N,Embraer ERJ
1952,-0.03457596630273194,KLM42H,Embraer ERJ
1978,,TRA75H,
1985,,TRA65W,
2013,,DLH3A,Bombardier
2015,,EJU5284,
2050,,KLM85G,
2055,,EJU71PH,
2059,,NJE949N,
2060,,VLG8435,
2063,-0.029030952472054797,TRA5351,Boeing 737
2066,-0.029030952472054797,KLM93Z,Boeing 737
2073,,RJA152,
2163,-0.03457596630273194,KLM1206,Embraer ERJ
2547,-0.029030952472054797,KLM72C,Boeing 737
2798,,TRA84A,
2811,-0.02357713737636452,VLG1378,Airbus A320
3372,,KLM31A,
3403,,AFR18CQ,
3512,-0.029030952472054797,KLM959,Boeing 737
4024,-0.02357713737636452,SWR3PB,Airbus A320
4031,,VLG112M,
4110,-0.03457596630273194,KLM25C,Embraer ERJ
4168,,ZXP01,Eurocopter Deutschland EC135 P2+
4266,,BAW442K,Airbus A319
4268,-0.02357713737636452,IBS17NP,Airbus A320
4272,,CND764,
4334,-0.029030952472054797,TRA6147,Boeing 737
4497,-0.029030952472054797,TRA88B,Boeing 737
4548,,AEA16UE,
4601,-0.03457596630273194,KLM1641,Embraer ERJ
4602,-0.03457596630273194,KLM1949,Embraer ERJ
4603,-0.02357713737636452,AFR65NM,Airbus A320
4605,,EZS34MY,
